<xml xmlns="http://www.w3.org/1999/xhtml"><block type="controls_if" id="17" x="-37" y="63"><mutation else="1"></mutation><value name="IF0"><block type="inout_digital_read" id="18"><field name="PIN">8</field></block></value><statement name="DO0"><block type="servo_move" id="19"><field name="PIN">7</field><value name="DEGREE"><block type="math_number" id="20"><field name="NUM">0</field></block></value><next><block type="base_delay" id="21"><value name="DELAY_TIME"><block type="math_number" id="22"><field name="NUM">500</field></block></value></block></next></block></statement><statement name="ELSE"><block type="servo_move" id="23"><field name="PIN">7</field><value name="DEGREE"><block type="math_number" id="24"><field name="NUM">90</field></block></value><next><block type="base_delay" id="25"><value name="DELAY_TIME"><block type="math_number" id="26"><field name="NUM">500</field></block></value></block></next></block></statement></block><block type="controls_if" id="27" disabled="true" x="288" y="63"><value name="IF0"><block type="inout_digital_read" id="28"><field name="PIN">8</field></block></value><statement name="DO0"><block type="controls_if" id="29"><mutation else="1"></mutation><value name="IF0"><block type="logic_compare" id="30"><field name="OP">EQ</field><value name="A"><block type="variables_get" id="31"><field name="VAR">angle</field></block></value><value name="B"><block type="math_number" id="32"><field name="NUM">0</field></block></value></block></value><statement name="DO0"><block type="variables_set" id="33"><field name="VAR">angle</field><value name="VALUE"><block type="math_number" id="34"><field name="NUM">90</field></block></value></block></statement><statement name="ELSE"><block type="variables_set" id="35"><field name="VAR">angle</field><value name="VALUE"><block type="math_number" id="36"><field name="NUM">0</field></block></value></block></statement><next><block type="servo_move" id="37"><field name="PIN">7</field><value name="DEGREE"><block type="variables_get" id="38"><field name="VAR">angle</field></block></value><next><block type="base_delay" id="39"><value name="DELAY_TIME"><block type="math_number" id="40"><field name="NUM">500</field></block></value></block></next></block></next></block></statement></block></xml>